,Model Name,Model Index,Aggregation,MSE,NRMSE,MC,MLLE,DeltaPhi,Neff
0,IP Reservoir,0.0,Mean,3.784244099268393e-05,0.896236989890086,10.166465759277344,-0.1855173259973526,0.10810989623759108,3.4718907347564887
1,IP Reservoir,0.0,Std,0.0,0.0,0.0,0.0,0.0,0.0
2,Vanilla,1.0,Mean,5.37137934288196e-05,1.0677662891243496,14.620594024658203,-0.1790408343076706,0.043664893366648895,3.023394410199612
3,Vanilla,1.0,Std,0.0,0.0,0.0,0.0,0.0,0.0
