,Model Name,Model Index,Aggregation,MSE,NRMSE,Neff
0,Quarter Century,0.0,Mean,5.978736668122221e-05,1.1247072550801438,4.395307939536895
1,Quarter Century,0.0,Std,6.685509195248017e-06,0.06384071817608768,0.7796441951199528
2,Two digits,1.0,Mean,7.860926191415624e-05,1.2910271555007342,3.282722780250964
3,Two digits,1.0,Std,5.220446555392946e-06,0.04246211615625237,0.7236011421546908
