,Model Name,Model Index,Aggregation,MSE,NRMSE,Rho,MLLE,DeltaPhi,MC,Neff
0,Gaussian,0.0,Mean,2.6074081012461524e-07,0.1054155391746303,0.9448860287666321,0.03873642906546593,0.4437358951380834,9.684235572814941,3.536321900286286
1,Gaussian,0.0,Std,0.0,0.0,0.0,0.0,0.0,0.0,0.0
2,Vanilla,1.0,Mean,2.624278815408529e-07,0.10575602441458012,0.9599982500076294,-0.08279553055763245,0.061682718073053186,11.465471267700195,3.3259527372231377
3,Vanilla,1.0,Std,0.0,0.0,0.0,0.0,0.0,0.0,0.0
4,Gaussian,2.0,Mean,3.2983463185861035e-07,0.11856274780291774,0.7999976873397827,-0.24112841486930847,0.23399992895576868,7.707216262817383,2.0657580978216363
5,Gaussian,2.0,Std,0.0,0.0,0.0,0.0,0.0,0.0,0.0
