,Model Name,Model Index,Aggregation,MSE,NRMSE,Rho,MLLE,DeltaPhi,MC,Neff
0,Gaussian,0.0,Mean,3.784899845360594e-07,0.1270069026949874,1.0629962682724,-0.08678632229566574,0.24076939728747818,9.935576438903809,3.8428451139523556
1,Gaussian,0.0,Std,0.0,0.0,0.0,0.0,0.0,0.0,0.0
2,Edged Trimodal,1.0,Mean,3.009841831262438e-07,0.1132588026483649,1.0629981756210327,-0.10516808927059174,0.19776130551231474,10.331526756286621,4.11205559422778
3,Edged Trimodal,1.0,Std,0.0,0.0,0.0,0.0,0.0,0.0,0.0
4,Linear Trimodal,2.0,Mean,2.8696557647833017e-07,0.11058978932824766,0.9847566485404968,0.004741315264254808,0.14106164253569647,8.53961181640625,2.3843194096907894
5,Linear Trimodal,2.0,Std,0.0,0.0,0.0,0.0,0.0,0.0,0.0
6,Vanilla,3.0,Mean,1.9517219019173845e-07,0.09120299431012376,0.9600011110305786,-0.04903741180896759,0.045438876555399604,20.046499252319336,6.971337835094539
7,Vanilla,3.0,Std,0.0,0.0,0.0,0.0,0.0,0.0,0.0
