,Model Name,Model Index,Aggregation,MSE,NRMSE,Rho,MLLE,DeltaPhi,MC,Neff
0,Gaussian,0.0,Mean,5.881839270615397e-07,0.1583276280217203,0.8754252195358276,-0.04307268187403679,0.09362629348742824,6.748849868774414,2.661026634591651
1,Gaussian,0.0,Std,0.0,0.0,0.0,0.0,0.0,0.0,0.0
2,Vanilla,1.0,Mean,9.744464329677343e-07,0.2037882379565455,0.9599989652633667,-0.050936948508024216,0.06826301538452594,9.082959175109863,3.296856937662613
3,Vanilla,1.0,Std,0.0,0.0,0.0,0.0,0.0,0.0,0.0
